{
  "stats": {
    "suites": 0,
    "tests": 0,
    "passes": 0,
    "pending": 0,
    "failures": 0,
    "start": "",
    "end": "",
    "duration": 0,
    "testsRegistered": 0,
    "passPercent": 0,
    "pendingPercent": 0,
    "other": 0,
    "hasOther": false,
    "skipped": 0,
    "hasSkipped": false,
    "passPercentClass": "success",
    "pendingPercentClass": "success"
  },
  "suites": {
    "uuid": "",
    "title": "",
    "fullFile": "",
    "file": "",
    "beforeHooks": [],
    "afterHooks": [],
    "tests": [],
    "suites": [],
    "passes": [],
    "failures": [],
    "pending": [],
    "skipped": [],
    "duration": 0,
    "root": true,
    "rootEmpty": true,
    "_timeout": 2000
  },
  "copyrightYear": 2018
}
