{
  "annotations": {
    "list": [
      {
        "builtIn": 1,
        "datasource": "-- Grafana --",
        "enable": true,
        "hide": true,
        "iconColor": "rgba(0, 211, 255, 1)",
        "name": "Annotations & Alerts",
        "type": "dashboard"
      }
    ]
  },
  "editable": true,
  "gnetId": null,
  "graphTooltip": 0,
  "id": 5,
  "links": [],
  "panels": [
    {
      "aliasColors": {},
      "bars": false,
      "dashLength": 10,
      "dashes": false,
      "datasource": "Prometheus",
      "decimals": 3,
      "editable": true,
      "error": false,
      "fill": 0,
      "grid": {},
      "gridPos": {
        "h": 9,
        "w": 12,
        "x": 0,
        "y": 0
      },
      "id": 2,
      "isNew": true,
      "legend": {
        "alignAsTable": true,
        "avg": true,
        "current": false,
        "max": false,
        "min": false,
        "rightSide": true,
        "show": true,
        "sort": "current",
        "sortDesc": true,
        "total": false,
        "values": true
      },
      "lines": true,
      "linewidth": 2,
      "links": [],
      "nullPointMode": "connected",
      "percentage": false,
      "pointradius": 5,
      "points": false,
      "renderer": "flot",
      "seriesOverrides": [],
      "spaceLength": 10,
      "stack": false,
      "steppedLine": false,
      "targets": [
        {
          "expr": "container_cpu_load_average_10s{name=\"nginx\"}",
          "format": "time_series",
          "interval": "10s",
          "intervalFactor": 1,
          "legendFormat": "{{ name }}",
          "metric": "container_cpu_user_seconds_total",
          "refId": "A",
          "step": 10
        },
        {
          "expr": "container_cpu_load_average_10s{name=\"django\"}",
          "format": "time_series",
          "interval": "10s",
          "intervalFactor": 1,
          "legendFormat": "{{ name }}",
          "metric": "container_cpu_user_seconds_total",
          "refId": "B",
          "step": 10
        },
        {
          "expr": "container_cpu_load_average_10s{name=\"postgres\"}",
          "format": "time_series",
          "interval": "10s",
          "intervalFactor": 1,
          "legendFormat": "{{ name }}",
          "metric": "container_cpu_user_seconds_total",
          "refId": "C",
          "step": 10
        },
        {
          "expr": "container_cpu_load_average_10s{name=\"celery\"}",
          "format": "time_series",
          "interval": "10s",
          "intervalFactor": 1,
          "legendFormat": "{{ name }}",
          "metric": "container_cpu_user_seconds_total",
          "refId": "D",
          "step": 10
        },
        {
          "expr": "container_cpu_load_average_10s{name=\"redis\"}",
          "format": "time_series",
          "interval": "10s",
          "intervalFactor": 1,
          "legendFormat": "{{ name }}",
          "metric": "container_cpu_user_seconds_total",
          "refId": "E",
          "step": 10
        }
      ],
      "thresholds": [],
      "timeFrom": null,
      "timeShift": null,
      "title": "Uso de CPU",
      "tooltip": {
        "msResolution": true,
        "shared": true,
        "sort": 0,
        "value_type": "cumulative"
      },
      "transparent": true,
      "type": "graph",
      "xaxis": {
        "buckets": null,
        "mode": "time",
        "name": null,
        "show": true,
        "values": []
      },
      "yaxes": [
        {
          "format": "percentunit",
          "label": null,
          "logBase": 1,
          "max": null,
          "min": null,
          "show": true
        },
        {
          "format": "short",
          "label": null,
          "logBase": 1,
          "max": null,
          "min": null,
          "show": true
        }
      ],
      "yaxis": {
        "align": false,
        "alignLevel": null
      }
    },
    {
      "aliasColors": {},
      "bars": false,
      "dashLength": 10,
      "dashes": false,
      "datasource": "Prometheus",
      "decimals": 2,
      "editable": true,
      "error": false,
      "fill": 0,
      "grid": {},
      "gridPos": {
        "h": 9,
        "w": 12,
        "x": 12,
        "y": 0
      },
      "id": 4,
      "isNew": true,
      "legend": {
        "alignAsTable": true,
        "avg": true,
        "current": false,
        "max": false,
        "min": false,
        "rightSide": true,
        "show": true,
        "sort": "current",
        "sortDesc": true,
        "total": false,
        "values": true
      },
      "lines": true,
      "linewidth": 2,
      "links": [],
      "nullPointMode": "connected",
      "percentage": false,
      "pointradius": 5,
      "points": false,
      "renderer": "flot",
      "seriesOverrides": [],
      "spaceLength": 10,
      "stack": false,
      "steppedLine": false,
      "targets": [
        {
          "expr": "container_memory_max_usage_bytes{name=\"nginx\"}",
          "format": "time_series",
          "interval": "10s",
          "intervalFactor": 1,
          "legendFormat": "{{ name }}",
          "metric": "container_memory_usage:sort_desc",
          "refId": "A",
          "step": 10
        },
        {
          "expr": "container_memory_max_usage_bytes{name=\"django\"}",
          "format": "time_series",
          "interval": "10s",
          "intervalFactor": 1,
          "legendFormat": "{{ name }}",
          "metric": "container_memory_usage:sort_desc",
          "refId": "B",
          "step": 10
        },
        {
          "expr": "container_memory_max_usage_bytes{name=\"postgres\"}",
          "format": "time_series",
          "interval": "10s",
          "intervalFactor": 1,
          "legendFormat": "{{ name }}",
          "metric": "container_memory_usage:sort_desc",
          "refId": "C",
          "step": 10
        },
        {
          "expr": "container_memory_max_usage_bytes{name=\"celery\"}",
          "format": "time_series",
          "interval": "10s",
          "intervalFactor": 1,
          "legendFormat": "{{ name }}",
          "metric": "container_memory_usage:sort_desc",
          "refId": "D",
          "step": 10
        },
        {
          "expr": "container_memory_max_usage_bytes{name=\"redis\"}",
          "format": "time_series",
          "interval": "10s",
          "intervalFactor": 1,
          "legendFormat": "{{ name }}",
          "metric": "container_memory_usage:sort_desc",
          "refId": "E",
          "step": 10
        }
      ],
      "thresholds": [],
      "timeFrom": null,
      "timeShift": null,
      "title": "Uso de RAM",
      "tooltip": {
        "msResolution": false,
        "shared": true,
        "sort": 0,
        "value_type": "cumulative"
      },
      "transparent": true,
      "type": "graph",
      "xaxis": {
        "buckets": null,
        "mode": "time",
        "name": null,
        "show": true,
        "values": []
      },
      "yaxes": [
        {
          "format": "bytes",
          "label": null,
          "logBase": 1,
          "max": null,
          "min": null,
          "show": true
        },
        {
          "format": "short",
          "label": null,
          "logBase": 1,
          "max": null,
          "min": null,
          "show": true
        }
      ],
      "yaxis": {
        "align": false,
        "alignLevel": null
      }
    },
    {
      "aliasColors": {},
      "bars": false,
      "dashLength": 10,
      "dashes": false,
      "datasource": "Prometheus",
      "decimals": 2,
      "editable": true,
      "error": false,
      "fill": 0,
      "grid": {},
      "gridPos": {
        "h": 9,
        "w": 12,
        "x": 0,
        "y": 9
      },
      "id": 6,
      "isNew": true,
      "legend": {
        "alignAsTable": true,
        "avg": true,
        "current": false,
        "max": false,
        "min": false,
        "rightSide": true,
        "show": true,
        "sort": "current",
        "sortDesc": true,
        "total": false,
        "values": true
      },
      "lines": true,
      "linewidth": 2,
      "links": [],
      "nullPointMode": "connected",
      "percentage": false,
      "pointradius": 5,
      "points": false,
      "renderer": "flot",
      "seriesOverrides": [],
      "spaceLength": 10,
      "stack": false,
      "steppedLine": false,
      "targets": [
        {
          "expr": "sort_desc(sum by (name) (rate(container_network_receive_bytes_total{name=\"nginx\"}[1m] ) ))",
          "format": "time_series",
          "interval": "10s",
          "intervalFactor": 1,
          "legendFormat": "{{ name }}",
          "metric": "container_network_receive_bytes_total",
          "refId": "A",
          "step": 10
        },
        {
          "expr": "sort_desc(sum by (name) (rate(container_network_receive_bytes_total{name=\"django\"}[1m] ) ))",
          "format": "time_series",
          "interval": "10s",
          "intervalFactor": 1,
          "legendFormat": "{{ name }}",
          "metric": "container_network_receive_bytes_total",
          "refId": "B",
          "step": 10
        },
        {
          "expr": "sort_desc(sum by (name) (rate(container_network_receive_bytes_total{name=\"postgres\"}[1m] ) ))",
          "format": "time_series",
          "interval": "10s",
          "intervalFactor": 1,
          "legendFormat": "{{ name }}",
          "metric": "container_network_receive_bytes_total",
          "refId": "C",
          "step": 10
        },
        {
          "expr": "sort_desc(sum by (name) (rate(container_network_receive_bytes_total{name=\"celery\"}[1m] ) ))",
          "format": "time_series",
          "interval": "10s",
          "intervalFactor": 1,
          "legendFormat": "{{ name }}",
          "metric": "container_network_receive_bytes_total",
          "refId": "D",
          "step": 10
        },
        {
          "expr": "sort_desc(sum by (name) (rate(container_network_receive_bytes_total{name=\"redis\"}[1m] ) ))",
          "format": "time_series",
          "interval": "10s",
          "intervalFactor": 1,
          "legendFormat": "{{ name }}",
          "metric": "container_network_receive_bytes_total",
          "refId": "E",
          "step": 10
        }
      ],
      "thresholds": [],
      "timeFrom": null,
      "timeShift": null,
      "title": "Tráfico de Red - Recibido",
      "tooltip": {
        "msResolution": false,
        "shared": true,
        "sort": 0,
        "value_type": "cumulative"
      },
      "transparent": true,
      "type": "graph",
      "xaxis": {
        "buckets": null,
        "mode": "time",
        "name": null,
        "show": true,
        "values": []
      },
      "yaxes": [
        {
          "format": "bytes",
          "label": null,
          "logBase": 1,
          "max": null,
          "min": null,
          "show": true
        },
        {
          "format": "short",
          "label": null,
          "logBase": 1,
          "max": null,
          "min": null,
          "show": true
        }
      ],
      "yaxis": {
        "align": false,
        "alignLevel": null
      }
    },
    {
      "aliasColors": {},
      "bars": false,
      "dashLength": 10,
      "dashes": false,
      "datasource": "Prometheus",
      "decimals": 2,
      "editable": true,
      "error": false,
      "fill": 0,
      "grid": {},
      "gridPos": {
        "h": 9,
        "w": 12,
        "x": 12,
        "y": 9
      },
      "id": 8,
      "isNew": true,
      "legend": {
        "alignAsTable": true,
        "avg": true,
        "current": false,
        "max": false,
        "min": false,
        "rightSide": true,
        "show": true,
        "sort": "current",
        "sortDesc": true,
        "total": false,
        "values": true
      },
      "lines": true,
      "linewidth": 2,
      "links": [],
      "nullPointMode": "connected",
      "percentage": false,
      "pointradius": 5,
      "points": false,
      "renderer": "flot",
      "seriesOverrides": [],
      "spaceLength": 10,
      "stack": false,
      "steppedLine": false,
      "targets": [
        {
          "expr": "sort_desc(sum by (name) (rate(container_network_transmit_bytes_total{name=\"nginx\"}[1m] ) ))",
          "format": "time_series",
          "intervalFactor": 2,
          "legendFormat": "{{ name }}",
          "metric": "container_network_transmit_bytes_total",
          "refId": "B",
          "step": 4
        },
        {
          "expr": "sort_desc(sum by (name) (rate(container_network_transmit_bytes_total{name=\"django\"}[1m] ) ))",
          "format": "time_series",
          "intervalFactor": 2,
          "legendFormat": "{{ name }}",
          "metric": "container_network_transmit_bytes_total",
          "refId": "A",
          "step": 4
        },
        {
          "expr": "sort_desc(sum by (name) (rate(container_network_transmit_bytes_total{name=\"postgres\"}[1m] ) ))",
          "format": "time_series",
          "intervalFactor": 2,
          "legendFormat": "{{ name }}",
          "metric": "container_network_transmit_bytes_total",
          "refId": "C",
          "step": 4
        },
        {
          "expr": "sort_desc(sum by (name) (rate(container_network_transmit_bytes_total{name=\"celery\"}[1m] ) ))",
          "format": "time_series",
          "intervalFactor": 2,
          "legendFormat": "{{ name }}",
          "metric": "container_network_transmit_bytes_total",
          "refId": "D",
          "step": 4
        },
        {
          "expr": "sort_desc(sum by (name) (rate(container_network_transmit_bytes_total{name=\"redis\"}[1m] ) ))",
          "format": "time_series",
          "intervalFactor": 2,
          "legendFormat": "{{ name }}",
          "metric": "container_network_transmit_bytes_total",
          "refId": "E",
          "step": 4
        }
      ],
      "thresholds": [],
      "timeFrom": null,
      "timeShift": null,
      "title": "Tráfico de Red - Enviado",
      "tooltip": {
        "msResolution": false,
        "shared": true,
        "sort": 0,
        "value_type": "cumulative"
      },
      "transparent": true,
      "type": "graph",
      "xaxis": {
        "buckets": null,
        "mode": "time",
        "name": null,
        "show": true,
        "values": []
      },
      "yaxes": [
        {
          "format": "bytes",
          "label": null,
          "logBase": 1,
          "max": null,
          "min": null,
          "show": true
        },
        {
          "format": "short",
          "label": null,
          "logBase": 1,
          "max": null,
          "min": null,
          "show": false
        }
      ],
      "yaxis": {
        "align": false,
        "alignLevel": null
      }
    }
  ],
  "schemaVersion": 16,
  "style": "dark",
  "tags": [],
  "templating": {
    "list": []
  },
  "time": {
    "from": "now-15m",
    "to": "now"
  },
  "timepicker": {
    "refresh_intervals": [
      "5s",
      "10s",
      "30s",
      "1m",
      "5m",
      "15m",
      "30m",
      "1h",
      "2h",
      "1d"
    ],
    "time_options": [
      "5m",
      "15m",
      "1h",
      "6h",
      "12h",
      "24h",
      "2d",
      "7d",
      "30d"
    ]
  },
  "timezone": "",
  "title": "AutoTesting Webapp",
  "uid": "w_F-QE0iz",
  "version": 6
}
